--------------
SELECT * FROM Driver
--------------

+--------+--------+
| userID | rating |
+--------+--------+
|      2 |   4.50 |
|      4 |   4.22 |
+--------+--------+
2 rows in set (0.00 sec)

--------------
UPDATE Travelled SET rating = "5.0" WHERE driverID = "2" AND vehicleID = "1" AND tripID = "2" AND passengerID = "1"
--------------

Query OK, 1 row affected (0.00 sec)
Rows matched: 1  Changed: 1  Warnings: 0

--------------
SELECT * FROM Driver
--------------

+--------+--------+
| userID | rating |
+--------+--------+
|      2 |   4.83 |
|      4 |   4.22 |
+--------+--------+
2 rows in set (0.00 sec)

Bye
