--------------
SELECT * FROM Trip
--------------

+----------+-----------+--------+--------+-------------+---------------------+-------+-------------------------------+
| driverID | vehicleID | tripID | origin | destination | departTime          | price | description                   |
+----------+-----------+--------+--------+-------------+---------------------+-------+-------------------------------+
|        2 |         1 |      1 | City A | City B      | 2023-11-19 15:00:00 | 35.00 | Carpool from City A to City B |
|        2 |         1 |      2 | City B | City D      | 2023-08-21 14:30:00 | 25.00 | Carpool from City B to City D |
|        4 |         1 |      1 | City C | City A      | 2023-01-19 16:00:00 | 30.00 | Carpool from City C to City A |
|        4 |         1 |      2 | City F | City C      | 2023-02-09 09:30:00 | 60.00 | Carpool from City F to City C |
|        4 |         2 |      1 | City A | City D      | 2023-02-20 11:00:00 | 45.00 | Carpool from City A to City D |
|        4 |         2 |      2 | City D | City E      | 2023-01-21 19:00:00 | 30.00 | Carpool from City D to City E |
+----------+-----------+--------+--------+-------------+---------------------+-------+-------------------------------+
6 rows in set (0.00 sec)

--------------
SELECT * FROM Trip
--------------

+----------+-----------+--------+--------+-------------+---------------------+-------+-------------------------------+
| driverID | vehicleID | tripID | origin | destination | departTime          | price | description                   |
+----------+-----------+--------+--------+-------------+---------------------+-------+-------------------------------+
|        2 |         1 |      1 | City A | City B      | 2023-11-19 15:00:00 | 35.00 | Carpool from City A to City B |
|        2 |         1 |      2 | City B | City D      | 2023-08-21 14:30:00 | 25.00 | Carpool from City B to City D |
|        4 |         1 |      1 | City C | City A      | 2023-01-19 16:00:00 | 30.00 | Carpool from City C to City A |
|        4 |         1 |      2 | City F | City C      | 2023-02-09 09:30:00 | 60.00 | Carpool from City F to City C |
|        4 |         2 |      1 | City A | City D      | 2023-02-20 11:00:00 | 45.00 | Carpool from City A to City D |
|        4 |         2 |      2 | City D | City E      | 2023-01-21 19:00:00 | 30.00 | Carpool from City D to City E |
+----------+-----------+--------+--------+-------------+---------------------+-------+-------------------------------+
6 rows in set (0.00 sec)

--------------
SELECT * FROM Trip WHERE origin = 'City A'
--------------

+----------+-----------+--------+--------+-------------+---------------------+-------+-------------------------------+
| driverID | vehicleID | tripID | origin | destination | departTime          | price | description                   |
+----------+-----------+--------+--------+-------------+---------------------+-------+-------------------------------+
|        2 |         1 |      1 | City A | City B      | 2023-11-19 15:00:00 | 35.00 | Carpool from City A to City B |
|        4 |         2 |      1 | City A | City D      | 2023-02-20 11:00:00 | 45.00 | Carpool from City A to City D |
+----------+-----------+--------+--------+-------------+---------------------+-------+-------------------------------+
2 rows in set (0.01 sec)

--------------
SELECT * FROM Trip WHERE destination = 'City D'
--------------

+----------+-----------+--------+--------+-------------+---------------------+-------+-------------------------------+
| driverID | vehicleID | tripID | origin | destination | departTime          | price | description                   |
+----------+-----------+--------+--------+-------------+---------------------+-------+-------------------------------+
|        2 |         1 |      2 | City B | City D      | 2023-08-21 14:30:00 | 25.00 | Carpool from City B to City D |
|        4 |         2 |      1 | City A | City D      | 2023-02-20 11:00:00 | 45.00 | Carpool from City A to City D |
+----------+-----------+--------+--------+-------------+---------------------+-------+-------------------------------+
2 rows in set (0.00 sec)

--------------
SELECT * FROM Trip WHERE origin = 'City D' AND destination = 'City E'
--------------

+----------+-----------+--------+--------+-------------+---------------------+-------+-------------------------------+
| driverID | vehicleID | tripID | origin | destination | departTime          | price | description                   |
+----------+-----------+--------+--------+-------------+---------------------+-------+-------------------------------+
|        4 |         2 |      2 | City D | City E      | 2023-01-21 19:00:00 | 30.00 | Carpool from City D to City E |
+----------+-----------+--------+--------+-------------+---------------------+-------+-------------------------------+
1 row in set (0.00 sec)

--------------
SELECT * FROM Trip WHERE departTime <= '2023-01-01 00:00:00'
--------------

Empty set (0.00 sec)

--------------
SELECT * FROM Trip WHERE departTime >= '2023-01-01 00:00:00'
--------------

+----------+-----------+--------+--------+-------------+---------------------+-------+-------------------------------+
| driverID | vehicleID | tripID | origin | destination | departTime          | price | description                   |
+----------+-----------+--------+--------+-------------+---------------------+-------+-------------------------------+
|        2 |         1 |      1 | City A | City B      | 2023-11-19 15:00:00 | 35.00 | Carpool from City A to City B |
|        2 |         1 |      2 | City B | City D      | 2023-08-21 14:30:00 | 25.00 | Carpool from City B to City D |
|        4 |         1 |      1 | City C | City A      | 2023-01-19 16:00:00 | 30.00 | Carpool from City C to City A |
|        4 |         1 |      2 | City F | City C      | 2023-02-09 09:30:00 | 60.00 | Carpool from City F to City C |
|        4 |         2 |      1 | City A | City D      | 2023-02-20 11:00:00 | 45.00 | Carpool from City A to City D |
|        4 |         2 |      2 | City D | City E      | 2023-01-21 19:00:00 | 30.00 | Carpool from City D to City E |
+----------+-----------+--------+--------+-------------+---------------------+-------+-------------------------------+
6 rows in set (0.00 sec)

--------------
SELECT * FROM Trip WHERE departTime >= '2023-01-01 00:00:00' AND departTime <= '2023-02-01 19:00:00'
--------------

+----------+-----------+--------+--------+-------------+---------------------+-------+-------------------------------+
| driverID | vehicleID | tripID | origin | destination | departTime          | price | description                   |
+----------+-----------+--------+--------+-------------+---------------------+-------+-------------------------------+
|        4 |         1 |      1 | City C | City A      | 2023-01-19 16:00:00 | 30.00 | Carpool from City C to City A |
|        4 |         2 |      2 | City D | City E      | 2023-01-21 19:00:00 | 30.00 | Carpool from City D to City E |
+----------+-----------+--------+--------+-------------+---------------------+-------+-------------------------------+
2 rows in set (0.00 sec)

--------------
SELECT * FROM Trip WHERE price >= 30
--------------

+----------+-----------+--------+--------+-------------+---------------------+-------+-------------------------------+
| driverID | vehicleID | tripID | origin | destination | departTime          | price | description                   |
+----------+-----------+--------+--------+-------------+---------------------+-------+-------------------------------+
|        2 |         1 |      1 | City A | City B      | 2023-11-19 15:00:00 | 35.00 | Carpool from City A to City B |
|        4 |         1 |      1 | City C | City A      | 2023-01-19 16:00:00 | 30.00 | Carpool from City C to City A |
|        4 |         1 |      2 | City F | City C      | 2023-02-09 09:30:00 | 60.00 | Carpool from City F to City C |
|        4 |         2 |      1 | City A | City D      | 2023-02-20 11:00:00 | 45.00 | Carpool from City A to City D |
|        4 |         2 |      2 | City D | City E      | 2023-01-21 19:00:00 | 30.00 | Carpool from City D to City E |
+----------+-----------+--------+--------+-------------+---------------------+-------+-------------------------------+
5 rows in set (0.00 sec)

--------------
SELECT * FROM Trip WHERE price <= 50
--------------

+----------+-----------+--------+--------+-------------+---------------------+-------+-------------------------------+
| driverID | vehicleID | tripID | origin | destination | departTime          | price | description                   |
+----------+-----------+--------+--------+-------------+---------------------+-------+-------------------------------+
|        2 |         1 |      1 | City A | City B      | 2023-11-19 15:00:00 | 35.00 | Carpool from City A to City B |
|        2 |         1 |      2 | City B | City D      | 2023-08-21 14:30:00 | 25.00 | Carpool from City B to City D |
|        4 |         1 |      1 | City C | City A      | 2023-01-19 16:00:00 | 30.00 | Carpool from City C to City A |
|        4 |         2 |      1 | City A | City D      | 2023-02-20 11:00:00 | 45.00 | Carpool from City A to City D |
|        4 |         2 |      2 | City D | City E      | 2023-01-21 19:00:00 | 30.00 | Carpool from City D to City E |
+----------+-----------+--------+--------+-------------+---------------------+-------+-------------------------------+
5 rows in set (0.00 sec)

--------------
SELECT * FROM Trip WHERE price <= 100 AND price >= 0
--------------

+----------+-----------+--------+--------+-------------+---------------------+-------+-------------------------------+
| driverID | vehicleID | tripID | origin | destination | departTime          | price | description                   |
+----------+-----------+--------+--------+-------------+---------------------+-------+-------------------------------+
|        2 |         1 |      1 | City A | City B      | 2023-11-19 15:00:00 | 35.00 | Carpool from City A to City B |
|        2 |         1 |      2 | City B | City D      | 2023-08-21 14:30:00 | 25.00 | Carpool from City B to City D |
|        4 |         1 |      1 | City C | City A      | 2023-01-19 16:00:00 | 30.00 | Carpool from City C to City A |
|        4 |         1 |      2 | City F | City C      | 2023-02-09 09:30:00 | 60.00 | Carpool from City F to City C |
|        4 |         2 |      1 | City A | City D      | 2023-02-20 11:00:00 | 45.00 | Carpool from City A to City D |
|        4 |         2 |      2 | City D | City E      | 2023-01-21 19:00:00 | 30.00 | Carpool from City D to City E |
+----------+-----------+--------+--------+-------------+---------------------+-------+-------------------------------+
6 rows in set (0.00 sec)

--------------
SELECT * FROM Trip 
    WHERE origin = 'City F' AND destination = 'City C'
        AND departTime >= '2023-01-01 00:00:00' AND departTime <= '2023-02-15 00:00:00' AND price <= 100
--------------

+----------+-----------+--------+--------+-------------+---------------------+-------+-------------------------------+
| driverID | vehicleID | tripID | origin | destination | departTime          | price | description                   |
+----------+-----------+--------+--------+-------------+---------------------+-------+-------------------------------+
|        4 |         1 |      2 | City F | City C      | 2023-02-09 09:30:00 | 60.00 | Carpool from City F to City C |
+----------+-----------+--------+--------+-------------+---------------------+-------+-------------------------------+
1 row in set (0.00 sec)

Bye
