--------------
SELECT count(*) FROM Vehicle WHERE driverID = 2
--------------

+----------+
| count(*) |
+----------+
|        1 |
+----------+
1 row in set (0.00 sec)

--------------
INSERT INTO Vehicle (driverID, vehicleID, model, capacity)
SELECT 2, 2, 'New Car', 6
--------------

Query OK, 1 row affected (0.00 sec)
Records: 1  Duplicates: 0  Warnings: 0

--------------
SELECT * FROM Vehicle
--------------

+----------+-----------+---------+----------+
| driverID | vehicleID | model   | capacity |
+----------+-----------+---------+----------+
|        2 |         1 | Car 1   |        4 |
|        2 |         2 | New Car |        6 |
|        4 |         1 | Car 2   |        4 |
|        4 |         2 | Car 3   |        4 |
+----------+-----------+---------+----------+
4 rows in set (0.00 sec)

Bye
