--------------
INSERT INTO User (username, password, email, phone, type, joinedAt) 
SELECT 'testdriver', '12345678', 'test@gmail.com', '0000000000', 'driver', '2022-10-20'
--------------

Query OK, 1 row affected (0.00 sec)
Records: 1  Duplicates: 0  Warnings: 0

--------------
SELECT userID FROM User WHERE username = 'testdriver'
--------------

+--------+
| userID |
+--------+
|      8 |
+--------+
1 row in set (0.00 sec)

--------------
SELECT count(*) FROM Vehicle WHERE driverID = 2
--------------

+----------+
| count(*) |
+----------+
|        1 |
+----------+
1 row in set (0.00 sec)

--------------
SELECT count(*) FROM Vehicle WHERE driverID = 4
--------------

+----------+
| count(*) |
+----------+
|        2 |
+----------+
1 row in set (0.00 sec)

--------------
SELECT count(*) FROM Vehicle WHERE driverID = 8
--------------

+----------+
| count(*) |
+----------+
|        0 |
+----------+
1 row in set (0.00 sec)

--------------
INSERT INTO Vehicle (driverID, vehicleID, model, capacity)
SELECT 8, 1, 'Car 1', 4
--------------

Query OK, 1 row affected (0.00 sec)
Records: 1  Duplicates: 0  Warnings: 0

--------------
SELECT count(*) FROM Vehicle WHERE driverID = 8
--------------

+----------+
| count(*) |
+----------+
|        1 |
+----------+
1 row in set (0.01 sec)

--------------
SELECT count(*) FROM Trip WHERE driverID = 2 AND vehicleID = 1
--------------

+----------+
| count(*) |
+----------+
|        2 |
+----------+
1 row in set (0.00 sec)

--------------
INSERT INTO Trip (driverID, vehicleID, tripID, origin, destination, departTime, price, description)
SELECT 2, 1, 3, 'Waterloo', 'Toronto', '2022-12-22 10:30', 40, 'Carpool from Waterloo to Toronto'
--------------

Query OK, 1 row affected (0.00 sec)
Records: 1  Duplicates: 0  Warnings: 0

--------------
SELECT * FROM Trip
--------------

+----------+-----------+--------+----------+-------------+---------------------+-------+----------------------------------+
| driverID | vehicleID | tripID | origin   | destination | departTime          | price | description                      |
+----------+-----------+--------+----------+-------------+---------------------+-------+----------------------------------+
|        2 |         1 |      1 | City A   | City B      | 2023-11-19 15:00:00 | 35.00 | Carpool from City A to City B    |
|        2 |         1 |      2 | City B   | City D      | 2023-08-21 14:30:00 | 25.00 | Carpool from City B to City D    |
|        2 |         1 |      3 | Waterloo | Toronto     | 2022-12-22 10:30:00 | 40.00 | Carpool from Waterloo to Toronto |
|        4 |         1 |      1 | City C   | City A      | 2023-01-19 16:00:00 | 30.00 | Carpool from City C to City A    |
|        4 |         1 |      2 | City F   | City C      | 2023-02-09 09:30:00 | 60.00 | Carpool from City F to City C    |
|        4 |         2 |      1 | City A   | City D      | 2023-02-20 11:00:00 | 45.00 | Carpool from City A to City D    |
|        4 |         2 |      2 | City D   | City E      | 2023-01-21 19:00:00 | 30.00 | Carpool from City D to City E    |
+----------+-----------+--------+----------+-------------+---------------------+-------+----------------------------------+
7 rows in set (0.00 sec)

--------------
INSERT INTO Trip (driverID, vehicleID, tripID, origin, destination, departTime, price, description)
SELECT 2, 1, 4, 'Toronto', 'Waterloo', '2022-12-23 14:00', 40, 'Carpool from Toronto to Waterloo'
--------------

Query OK, 1 row affected (0.00 sec)
Records: 1  Duplicates: 0  Warnings: 0

--------------
SELECT * FROM Trip
--------------

+----------+-----------+--------+----------+-------------+---------------------+-------+----------------------------------+
| driverID | vehicleID | tripID | origin   | destination | departTime          | price | description                      |
+----------+-----------+--------+----------+-------------+---------------------+-------+----------------------------------+
|        2 |         1 |      1 | City A   | City B      | 2023-11-19 15:00:00 | 35.00 | Carpool from City A to City B    |
|        2 |         1 |      2 | City B   | City D      | 2023-08-21 14:30:00 | 25.00 | Carpool from City B to City D    |
|        2 |         1 |      3 | Waterloo | Toronto     | 2022-12-22 10:30:00 | 40.00 | Carpool from Waterloo to Toronto |
|        2 |         1 |      4 | Toronto  | Waterloo    | 2022-12-23 14:00:00 | 40.00 | Carpool from Toronto to Waterloo |
|        4 |         1 |      1 | City C   | City A      | 2023-01-19 16:00:00 | 30.00 | Carpool from City C to City A    |
|        4 |         1 |      2 | City F   | City C      | 2023-02-09 09:30:00 | 60.00 | Carpool from City F to City C    |
|        4 |         2 |      1 | City A   | City D      | 2023-02-20 11:00:00 | 45.00 | Carpool from City A to City D    |
|        4 |         2 |      2 | City D   | City E      | 2023-01-21 19:00:00 | 30.00 | Carpool from City D to City E    |
+----------+-----------+--------+----------+-------------+---------------------+-------+----------------------------------+
8 rows in set (0.00 sec)

--------------
SELECT count(*) FROM Trip WHERE driverID = 4 AND vehicleID = 1
--------------

+----------+
| count(*) |
+----------+
|        2 |
+----------+
1 row in set (0.00 sec)

--------------
SELECT count(*) FROM Trip WHERE driverID = 4 AND vehicleID = 2
--------------

+----------+
| count(*) |
+----------+
|        2 |
+----------+
1 row in set (0.00 sec)

--------------
INSERT INTO Trip (driverID, vehicleID, tripID, origin, destination, departTime, price, description)
SELECT 4, 1, 3, 'Waterloo', 'Toronto', '2022-12-20 10:30', 35, 'Carpool from Waterloo to Toronto'
--------------

Query OK, 1 row affected (0.00 sec)
Records: 1  Duplicates: 0  Warnings: 0

--------------
SELECT * FROM Trip
--------------

+----------+-----------+--------+----------+-------------+---------------------+-------+----------------------------------+
| driverID | vehicleID | tripID | origin   | destination | departTime          | price | description                      |
+----------+-----------+--------+----------+-------------+---------------------+-------+----------------------------------+
|        2 |         1 |      1 | City A   | City B      | 2023-11-19 15:00:00 | 35.00 | Carpool from City A to City B    |
|        2 |         1 |      2 | City B   | City D      | 2023-08-21 14:30:00 | 25.00 | Carpool from City B to City D    |
|        2 |         1 |      3 | Waterloo | Toronto     | 2022-12-22 10:30:00 | 40.00 | Carpool from Waterloo to Toronto |
|        2 |         1 |      4 | Toronto  | Waterloo    | 2022-12-23 14:00:00 | 40.00 | Carpool from Toronto to Waterloo |
|        4 |         1 |      1 | City C   | City A      | 2023-01-19 16:00:00 | 30.00 | Carpool from City C to City A    |
|        4 |         1 |      2 | City F   | City C      | 2023-02-09 09:30:00 | 60.00 | Carpool from City F to City C    |
|        4 |         1 |      3 | Waterloo | Toronto     | 2022-12-20 10:30:00 | 35.00 | Carpool from Waterloo to Toronto |
|        4 |         2 |      1 | City A   | City D      | 2023-02-20 11:00:00 | 45.00 | Carpool from City A to City D    |
|        4 |         2 |      2 | City D   | City E      | 2023-01-21 19:00:00 | 30.00 | Carpool from City D to City E    |
+----------+-----------+--------+----------+-------------+---------------------+-------+----------------------------------+
9 rows in set (0.00 sec)

--------------
INSERT INTO Trip (driverID, vehicleID, tripID, origin, destination, departTime, price, description)
SELECT 4, 2, 3, 'Toronto', 'Waterloo', '2023-01-02 14:00', 35, 'Carpool from Toronto to Waterloo'
--------------

Query OK, 1 row affected (0.00 sec)
Records: 1  Duplicates: 0  Warnings: 0

--------------
SELECT * FROM Trip
--------------

+----------+-----------+--------+----------+-------------+---------------------+-------+----------------------------------+
| driverID | vehicleID | tripID | origin   | destination | departTime          | price | description                      |
+----------+-----------+--------+----------+-------------+---------------------+-------+----------------------------------+
|        2 |         1 |      1 | City A   | City B      | 2023-11-19 15:00:00 | 35.00 | Carpool from City A to City B    |
|        2 |         1 |      2 | City B   | City D      | 2023-08-21 14:30:00 | 25.00 | Carpool from City B to City D    |
|        2 |         1 |      3 | Waterloo | Toronto     | 2022-12-22 10:30:00 | 40.00 | Carpool from Waterloo to Toronto |
|        2 |         1 |      4 | Toronto  | Waterloo    | 2022-12-23 14:00:00 | 40.00 | Carpool from Toronto to Waterloo |
|        4 |         1 |      1 | City C   | City A      | 2023-01-19 16:00:00 | 30.00 | Carpool from City C to City A    |
|        4 |         1 |      2 | City F   | City C      | 2023-02-09 09:30:00 | 60.00 | Carpool from City F to City C    |
|        4 |         1 |      3 | Waterloo | Toronto     | 2022-12-20 10:30:00 | 35.00 | Carpool from Waterloo to Toronto |
|        4 |         2 |      1 | City A   | City D      | 2023-02-20 11:00:00 | 45.00 | Carpool from City A to City D    |
|        4 |         2 |      2 | City D   | City E      | 2023-01-21 19:00:00 | 30.00 | Carpool from City D to City E    |
|        4 |         2 |      3 | Toronto  | Waterloo    | 2023-01-02 14:00:00 | 35.00 | Carpool from Toronto to Waterloo |
+----------+-----------+--------+----------+-------------+---------------------+-------+----------------------------------+
10 rows in set (0.00 sec)

--------------
INSERT INTO Trip (driverID, vehicleID, tripID, origin, destination, departTime, price)
SELECT 8, 1, 1, 'Toronto', 'Waterloo', '2022-12-22 14:00', 50
--------------

Query OK, 1 row affected (0.00 sec)
Records: 1  Duplicates: 0  Warnings: 0

--------------
SELECT * FROM Trip
--------------

+----------+-----------+--------+----------+-------------+---------------------+-------+----------------------------------+
| driverID | vehicleID | tripID | origin   | destination | departTime          | price | description                      |
+----------+-----------+--------+----------+-------------+---------------------+-------+----------------------------------+
|        2 |         1 |      1 | City A   | City B      | 2023-11-19 15:00:00 | 35.00 | Carpool from City A to City B    |
|        2 |         1 |      2 | City B   | City D      | 2023-08-21 14:30:00 | 25.00 | Carpool from City B to City D    |
|        2 |         1 |      3 | Waterloo | Toronto     | 2022-12-22 10:30:00 | 40.00 | Carpool from Waterloo to Toronto |
|        2 |         1 |      4 | Toronto  | Waterloo    | 2022-12-23 14:00:00 | 40.00 | Carpool from Toronto to Waterloo |
|        4 |         1 |      1 | City C   | City A      | 2023-01-19 16:00:00 | 30.00 | Carpool from City C to City A    |
|        4 |         1 |      2 | City F   | City C      | 2023-02-09 09:30:00 | 60.00 | Carpool from City F to City C    |
|        4 |         1 |      3 | Waterloo | Toronto     | 2022-12-20 10:30:00 | 35.00 | Carpool from Waterloo to Toronto |
|        4 |         2 |      1 | City A   | City D      | 2023-02-20 11:00:00 | 45.00 | Carpool from City A to City D    |
|        4 |         2 |      2 | City D   | City E      | 2023-01-21 19:00:00 | 30.00 | Carpool from City D to City E    |
|        4 |         2 |      3 | Toronto  | Waterloo    | 2023-01-02 14:00:00 | 35.00 | Carpool from Toronto to Waterloo |
|        8 |         1 |      1 | Toronto  | Waterloo    | 2022-12-22 14:00:00 | 50.00 | NULL                             |
+----------+-----------+--------+----------+-------------+---------------------+-------+----------------------------------+
11 rows in set (0.00 sec)

--------------
UPDATE Trip
SET origin = 'Toronto', destination = 'Waterloo', departTime = '2022-12-22 14:00', 
price = 50, description = 'Carpool from Toronto to Waterloo'
WHERE driverID = 8 AND vehicleID = 1 AND tripID = 1
--------------

Query OK, 1 row affected (0.01 sec)
Rows matched: 1  Changed: 1  Warnings: 0

--------------
SELECT * FROM Trip
--------------

+----------+-----------+--------+----------+-------------+---------------------+-------+----------------------------------+
| driverID | vehicleID | tripID | origin   | destination | departTime          | price | description                      |
+----------+-----------+--------+----------+-------------+---------------------+-------+----------------------------------+
|        2 |         1 |      1 | City A   | City B      | 2023-11-19 15:00:00 | 35.00 | Carpool from City A to City B    |
|        2 |         1 |      2 | City B   | City D      | 2023-08-21 14:30:00 | 25.00 | Carpool from City B to City D    |
|        2 |         1 |      3 | Waterloo | Toronto     | 2022-12-22 10:30:00 | 40.00 | Carpool from Waterloo to Toronto |
|        2 |         1 |      4 | Toronto  | Waterloo    | 2022-12-23 14:00:00 | 40.00 | Carpool from Toronto to Waterloo |
|        4 |         1 |      1 | City C   | City A      | 2023-01-19 16:00:00 | 30.00 | Carpool from City C to City A    |
|        4 |         1 |      2 | City F   | City C      | 2023-02-09 09:30:00 | 60.00 | Carpool from City F to City C    |
|        4 |         1 |      3 | Waterloo | Toronto     | 2022-12-20 10:30:00 | 35.00 | Carpool from Waterloo to Toronto |
|        4 |         2 |      1 | City A   | City D      | 2023-02-20 11:00:00 | 45.00 | Carpool from City A to City D    |
|        4 |         2 |      2 | City D   | City E      | 2023-01-21 19:00:00 | 30.00 | Carpool from City D to City E    |
|        4 |         2 |      3 | Toronto  | Waterloo    | 2023-01-02 14:00:00 | 35.00 | Carpool from Toronto to Waterloo |
|        8 |         1 |      1 | Toronto  | Waterloo    | 2022-12-22 14:00:00 | 50.00 | Carpool from Toronto to Waterloo |
+----------+-----------+--------+----------+-------------+---------------------+-------+----------------------------------+
11 rows in set (0.00 sec)

--------------
UPDATE Trip
SET origin = 'Waterloo', destination = 'Toronto', departTime = '2022-12-22 14:00', 
price = 40, description = NULL
WHERE driverID = 2 AND vehicleID = 1 AND tripID = 3
--------------

Query OK, 1 row affected (0.00 sec)
Rows matched: 1  Changed: 1  Warnings: 0

--------------
SELECT * FROM Trip
--------------

+----------+-----------+--------+----------+-------------+---------------------+-------+----------------------------------+
| driverID | vehicleID | tripID | origin   | destination | departTime          | price | description                      |
+----------+-----------+--------+----------+-------------+---------------------+-------+----------------------------------+
|        2 |         1 |      1 | City A   | City B      | 2023-11-19 15:00:00 | 35.00 | Carpool from City A to City B    |
|        2 |         1 |      2 | City B   | City D      | 2023-08-21 14:30:00 | 25.00 | Carpool from City B to City D    |
|        2 |         1 |      3 | Waterloo | Toronto     | 2022-12-22 14:00:00 | 40.00 | NULL                             |
|        2 |         1 |      4 | Toronto  | Waterloo    | 2022-12-23 14:00:00 | 40.00 | Carpool from Toronto to Waterloo |
|        4 |         1 |      1 | City C   | City A      | 2023-01-19 16:00:00 | 30.00 | Carpool from City C to City A    |
|        4 |         1 |      2 | City F   | City C      | 2023-02-09 09:30:00 | 60.00 | Carpool from City F to City C    |
|        4 |         1 |      3 | Waterloo | Toronto     | 2022-12-20 10:30:00 | 35.00 | Carpool from Waterloo to Toronto |
|        4 |         2 |      1 | City A   | City D      | 2023-02-20 11:00:00 | 45.00 | Carpool from City A to City D    |
|        4 |         2 |      2 | City D   | City E      | 2023-01-21 19:00:00 | 30.00 | Carpool from City D to City E    |
|        4 |         2 |      3 | Toronto  | Waterloo    | 2023-01-02 14:00:00 | 35.00 | Carpool from Toronto to Waterloo |
|        8 |         1 |      1 | Toronto  | Waterloo    | 2022-12-22 14:00:00 | 50.00 | Carpool from Toronto to Waterloo |
+----------+-----------+--------+----------+-------------+---------------------+-------+----------------------------------+
11 rows in set (0.00 sec)

--------------
UPDATE Trip
SET origin = 'Mississauga', destination = 'Waterloo', departTime = '2022-12-30 8:30', 
price = 25, description = 'Carpool from Mississauga to Waterloo'
WHERE driverID = 4 AND vehicleID = 2 AND tripID = 3
--------------

Query OK, 1 row affected (0.00 sec)
Rows matched: 1  Changed: 1  Warnings: 0

--------------
SELECT * FROM Trip
--------------

+----------+-----------+--------+-------------+-------------+---------------------+-------+--------------------------------------+
| driverID | vehicleID | tripID | origin      | destination | departTime          | price | description                          |
+----------+-----------+--------+-------------+-------------+---------------------+-------+--------------------------------------+
|        2 |         1 |      1 | City A      | City B      | 2023-11-19 15:00:00 | 35.00 | Carpool from City A to City B        |
|        2 |         1 |      2 | City B      | City D      | 2023-08-21 14:30:00 | 25.00 | Carpool from City B to City D        |
|        2 |         1 |      3 | Waterloo    | Toronto     | 2022-12-22 14:00:00 | 40.00 | NULL                                 |
|        2 |         1 |      4 | Toronto     | Waterloo    | 2022-12-23 14:00:00 | 40.00 | Carpool from Toronto to Waterloo     |
|        4 |         1 |      1 | City C      | City A      | 2023-01-19 16:00:00 | 30.00 | Carpool from City C to City A        |
|        4 |         1 |      2 | City F      | City C      | 2023-02-09 09:30:00 | 60.00 | Carpool from City F to City C        |
|        4 |         1 |      3 | Waterloo    | Toronto     | 2022-12-20 10:30:00 | 35.00 | Carpool from Waterloo to Toronto     |
|        4 |         2 |      1 | City A      | City D      | 2023-02-20 11:00:00 | 45.00 | Carpool from City A to City D        |
|        4 |         2 |      2 | City D      | City E      | 2023-01-21 19:00:00 | 30.00 | Carpool from City D to City E        |
|        4 |         2 |      3 | Mississauga | Waterloo    | 2022-12-30 08:30:00 | 25.00 | Carpool from Mississauga to Waterloo |
|        8 |         1 |      1 | Toronto     | Waterloo    | 2022-12-22 14:00:00 | 50.00 | Carpool from Toronto to Waterloo     |
+----------+-----------+--------+-------------+-------------+---------------------+-------+--------------------------------------+
11 rows in set (0.00 sec)

--------------
SHOW TRIGGERS WHERE `Table`='Trip'
--------------

*************************** 1. row ***************************
             Trigger: deleteTrip
               Event: DELETE
               Table: Trip
           Statement: DELETE FROM Travelled WHERE Travelled.driverID = OLD.driverID 
                AND Travelled.vehicleID = OLD.vehicleID 
                AND Travelled.tripID = OLD.tripID
              Timing: BEFORE
             Created: 2022-11-28 21:06:54.78
            sql_mode: ONLY_FULL_GROUP_BY,STRICT_TRANS_TABLES,NO_ZERO_IN_DATE,NO_ZERO_DATE,ERROR_FOR_DIVISION_BY_ZERO,NO_ENGINE_SUBSTITUTION
             Definer: root@localhost
character_set_client: utf8mb4
collation_connection: utf8mb4_0900_ai_ci
  Database Collation: utf8mb4_0900_ai_ci
1 row in set (0.00 sec)

--------------
SELECT * FROM Trip
--------------

+----------+-----------+--------+-------------+-------------+---------------------+-------+--------------------------------------+
| driverID | vehicleID | tripID | origin      | destination | departTime          | price | description                          |
+----------+-----------+--------+-------------+-------------+---------------------+-------+--------------------------------------+
|        2 |         1 |      1 | City A      | City B      | 2023-11-19 15:00:00 | 35.00 | Carpool from City A to City B        |
|        2 |         1 |      2 | City B      | City D      | 2023-08-21 14:30:00 | 25.00 | Carpool from City B to City D        |
|        2 |         1 |      3 | Waterloo    | Toronto     | 2022-12-22 14:00:00 | 40.00 | NULL                                 |
|        2 |         1 |      4 | Toronto     | Waterloo    | 2022-12-23 14:00:00 | 40.00 | Carpool from Toronto to Waterloo     |
|        4 |         1 |      1 | City C      | City A      | 2023-01-19 16:00:00 | 30.00 | Carpool from City C to City A        |
|        4 |         1 |      2 | City F      | City C      | 2023-02-09 09:30:00 | 60.00 | Carpool from City F to City C        |
|        4 |         1 |      3 | Waterloo    | Toronto     | 2022-12-20 10:30:00 | 35.00 | Carpool from Waterloo to Toronto     |
|        4 |         2 |      1 | City A      | City D      | 2023-02-20 11:00:00 | 45.00 | Carpool from City A to City D        |
|        4 |         2 |      2 | City D      | City E      | 2023-01-21 19:00:00 | 30.00 | Carpool from City D to City E        |
|        4 |         2 |      3 | Mississauga | Waterloo    | 2022-12-30 08:30:00 | 25.00 | Carpool from Mississauga to Waterloo |
|        8 |         1 |      1 | Toronto     | Waterloo    | 2022-12-22 14:00:00 | 50.00 | Carpool from Toronto to Waterloo     |
+----------+-----------+--------+-------------+-------------+---------------------+-------+--------------------------------------+
11 rows in set (0.00 sec)

--------------
SELECT * FROM Travelled
--------------

+----------+-----------+--------+-------------+--------+
| driverID | vehicleID | tripID | passengerID | rating |
+----------+-----------+--------+-------------+--------+
|        2 |         1 |      1 |           1 |    4.5 |
|        2 |         1 |      1 |           3 |    5.0 |
|        2 |         1 |      2 |           1 |    4.0 |
|        4 |         1 |      1 |           3 |    5.0 |
|        4 |         1 |      1 |           5 |    4.0 |
|        4 |         1 |      2 |           3 |    5.0 |
|        4 |         2 |      1 |           1 |    4.0 |
|        4 |         2 |      1 |           3 |    5.0 |
|        4 |         2 |      1 |           5 |    4.5 |
|        4 |         2 |      1 |           6 |    4.0 |
|        4 |         2 |      2 |           3 |    3.5 |
|        4 |         2 |      2 |           5 |    3.0 |
+----------+-----------+--------+-------------+--------+
12 rows in set (0.00 sec)

--------------
DELETE FROM Trip WHERE driverID = 4 AND vehicleID = 2 AND tripID = 1
--------------

Query OK, 1 row affected (0.00 sec)

--------------
SELECT * FROM Trip
--------------

+----------+-----------+--------+-------------+-------------+---------------------+-------+--------------------------------------+
| driverID | vehicleID | tripID | origin      | destination | departTime          | price | description                          |
+----------+-----------+--------+-------------+-------------+---------------------+-------+--------------------------------------+
|        2 |         1 |      1 | City A      | City B      | 2023-11-19 15:00:00 | 35.00 | Carpool from City A to City B        |
|        2 |         1 |      2 | City B      | City D      | 2023-08-21 14:30:00 | 25.00 | Carpool from City B to City D        |
|        2 |         1 |      3 | Waterloo    | Toronto     | 2022-12-22 14:00:00 | 40.00 | NULL                                 |
|        2 |         1 |      4 | Toronto     | Waterloo    | 2022-12-23 14:00:00 | 40.00 | Carpool from Toronto to Waterloo     |
|        4 |         1 |      1 | City C      | City A      | 2023-01-19 16:00:00 | 30.00 | Carpool from City C to City A        |
|        4 |         1 |      2 | City F      | City C      | 2023-02-09 09:30:00 | 60.00 | Carpool from City F to City C        |
|        4 |         1 |      3 | Waterloo    | Toronto     | 2022-12-20 10:30:00 | 35.00 | Carpool from Waterloo to Toronto     |
|        4 |         2 |      2 | City D      | City E      | 2023-01-21 19:00:00 | 30.00 | Carpool from City D to City E        |
|        4 |         2 |      3 | Mississauga | Waterloo    | 2022-12-30 08:30:00 | 25.00 | Carpool from Mississauga to Waterloo |
|        8 |         1 |      1 | Toronto     | Waterloo    | 2022-12-22 14:00:00 | 50.00 | Carpool from Toronto to Waterloo     |
+----------+-----------+--------+-------------+-------------+---------------------+-------+--------------------------------------+
10 rows in set (0.01 sec)

--------------
SELECT * FROM Travelled
--------------

+----------+-----------+--------+-------------+--------+
| driverID | vehicleID | tripID | passengerID | rating |
+----------+-----------+--------+-------------+--------+
|        2 |         1 |      1 |           1 |    4.5 |
|        2 |         1 |      1 |           3 |    5.0 |
|        2 |         1 |      2 |           1 |    4.0 |
|        4 |         1 |      1 |           3 |    5.0 |
|        4 |         1 |      1 |           5 |    4.0 |
|        4 |         1 |      2 |           3 |    5.0 |
|        4 |         2 |      2 |           3 |    3.5 |
|        4 |         2 |      2 |           5 |    3.0 |
+----------+-----------+--------+-------------+--------+
8 rows in set (0.00 sec)

--------------
SELECT * FROM Trip
--------------

+----------+-----------+--------+-------------+-------------+---------------------+-------+--------------------------------------+
| driverID | vehicleID | tripID | origin      | destination | departTime          | price | description                          |
+----------+-----------+--------+-------------+-------------+---------------------+-------+--------------------------------------+
|        2 |         1 |      1 | City A      | City B      | 2023-11-19 15:00:00 | 35.00 | Carpool from City A to City B        |
|        2 |         1 |      2 | City B      | City D      | 2023-08-21 14:30:00 | 25.00 | Carpool from City B to City D        |
|        2 |         1 |      3 | Waterloo    | Toronto     | 2022-12-22 14:00:00 | 40.00 | NULL                                 |
|        2 |         1 |      4 | Toronto     | Waterloo    | 2022-12-23 14:00:00 | 40.00 | Carpool from Toronto to Waterloo     |
|        4 |         1 |      1 | City C      | City A      | 2023-01-19 16:00:00 | 30.00 | Carpool from City C to City A        |
|        4 |         1 |      2 | City F      | City C      | 2023-02-09 09:30:00 | 60.00 | Carpool from City F to City C        |
|        4 |         1 |      3 | Waterloo    | Toronto     | 2022-12-20 10:30:00 | 35.00 | Carpool from Waterloo to Toronto     |
|        4 |         2 |      2 | City D      | City E      | 2023-01-21 19:00:00 | 30.00 | Carpool from City D to City E        |
|        4 |         2 |      3 | Mississauga | Waterloo    | 2022-12-30 08:30:00 | 25.00 | Carpool from Mississauga to Waterloo |
|        8 |         1 |      1 | Toronto     | Waterloo    | 2022-12-22 14:00:00 | 50.00 | Carpool from Toronto to Waterloo     |
+----------+-----------+--------+-------------+-------------+---------------------+-------+--------------------------------------+
10 rows in set (0.00 sec)

--------------
SELECT * FROM Travelled
--------------

+----------+-----------+--------+-------------+--------+
| driverID | vehicleID | tripID | passengerID | rating |
+----------+-----------+--------+-------------+--------+
|        2 |         1 |      1 |           1 |    4.5 |
|        2 |         1 |      1 |           3 |    5.0 |
|        2 |         1 |      2 |           1 |    4.0 |
|        4 |         1 |      1 |           3 |    5.0 |
|        4 |         1 |      1 |           5 |    4.0 |
|        4 |         1 |      2 |           3 |    5.0 |
|        4 |         2 |      2 |           3 |    3.5 |
|        4 |         2 |      2 |           5 |    3.0 |
+----------+-----------+--------+-------------+--------+
8 rows in set (0.00 sec)

--------------
DELETE FROM Trip WHERE driverID = 8 AND vehicleID = 1 AND tripID = 1
--------------

Query OK, 1 row affected (0.00 sec)

--------------
SELECT * FROM Trip
--------------

+----------+-----------+--------+-------------+-------------+---------------------+-------+--------------------------------------+
| driverID | vehicleID | tripID | origin      | destination | departTime          | price | description                          |
+----------+-----------+--------+-------------+-------------+---------------------+-------+--------------------------------------+
|        2 |         1 |      1 | City A      | City B      | 2023-11-19 15:00:00 | 35.00 | Carpool from City A to City B        |
|        2 |         1 |      2 | City B      | City D      | 2023-08-21 14:30:00 | 25.00 | Carpool from City B to City D        |
|        2 |         1 |      3 | Waterloo    | Toronto     | 2022-12-22 14:00:00 | 40.00 | NULL                                 |
|        2 |         1 |      4 | Toronto     | Waterloo    | 2022-12-23 14:00:00 | 40.00 | Carpool from Toronto to Waterloo     |
|        4 |         1 |      1 | City C      | City A      | 2023-01-19 16:00:00 | 30.00 | Carpool from City C to City A        |
|        4 |         1 |      2 | City F      | City C      | 2023-02-09 09:30:00 | 60.00 | Carpool from City F to City C        |
|        4 |         1 |      3 | Waterloo    | Toronto     | 2022-12-20 10:30:00 | 35.00 | Carpool from Waterloo to Toronto     |
|        4 |         2 |      2 | City D      | City E      | 2023-01-21 19:00:00 | 30.00 | Carpool from City D to City E        |
|        4 |         2 |      3 | Mississauga | Waterloo    | 2022-12-30 08:30:00 | 25.00 | Carpool from Mississauga to Waterloo |
+----------+-----------+--------+-------------+-------------+---------------------+-------+--------------------------------------+
9 rows in set (0.00 sec)

--------------
SELECT * FROM Travelled
--------------

+----------+-----------+--------+-------------+--------+
| driverID | vehicleID | tripID | passengerID | rating |
+----------+-----------+--------+-------------+--------+
|        2 |         1 |      1 |           1 |    4.5 |
|        2 |         1 |      1 |           3 |    5.0 |
|        2 |         1 |      2 |           1 |    4.0 |
|        4 |         1 |      1 |           3 |    5.0 |
|        4 |         1 |      1 |           5 |    4.0 |
|        4 |         1 |      2 |           3 |    5.0 |
|        4 |         2 |      2 |           3 |    3.5 |
|        4 |         2 |      2 |           5 |    3.0 |
+----------+-----------+--------+-------------+--------+
8 rows in set (0.00 sec)

Bye
