--------------
SELECT * FROM Travelled
--------------

+----------+-----------+--------+-------------+--------+
| driverID | vehicleID | tripID | passengerID | rating |
+----------+-----------+--------+-------------+--------+
|        2 |         1 |      1 |           1 |    4.5 |
|        2 |         1 |      1 |           3 |    5.0 |
|        2 |         1 |      2 |           1 |    4.0 |
|        4 |         1 |      1 |           3 |    5.0 |
|        4 |         1 |      1 |           5 |    4.0 |
|        4 |         1 |      2 |           3 |    5.0 |
|        4 |         2 |      1 |           1 |    4.0 |
|        4 |         2 |      1 |           3 |    5.0 |
|        4 |         2 |      1 |           5 |    4.5 |
|        4 |         2 |      1 |           6 |    4.0 |
|        4 |         2 |      2 |           3 |    3.5 |
|        4 |         2 |      2 |           5 |    3.0 |
+----------+-----------+--------+-------------+--------+
12 rows in set (0.00 sec)

--------------
INSERT INTO Travelled (driverID, vehicleID, tripID, passengerID, rating) 
SELECT '2', '1', '1', '5', NULL
--------------

Query OK, 1 row affected (0.00 sec)
Records: 1  Duplicates: 0  Warnings: 0

--------------
SELECT * FROM Travelled
--------------

+----------+-----------+--------+-------------+--------+
| driverID | vehicleID | tripID | passengerID | rating |
+----------+-----------+--------+-------------+--------+
|        2 |         1 |      1 |           1 |    4.5 |
|        2 |         1 |      1 |           3 |    5.0 |
|        2 |         1 |      1 |           5 |   NULL |
|        2 |         1 |      2 |           1 |    4.0 |
|        4 |         1 |      1 |           3 |    5.0 |
|        4 |         1 |      1 |           5 |    4.0 |
|        4 |         1 |      2 |           3 |    5.0 |
|        4 |         2 |      1 |           1 |    4.0 |
|        4 |         2 |      1 |           3 |    5.0 |
|        4 |         2 |      1 |           5 |    4.5 |
|        4 |         2 |      1 |           6 |    4.0 |
|        4 |         2 |      2 |           3 |    3.5 |
|        4 |         2 |      2 |           5 |    3.0 |
+----------+-----------+--------+-------------+--------+
13 rows in set (0.00 sec)

--------------
DELETE FROM Travelled
WHERE passengerID = '5' AND driverID = '2' AND vehicleID = '1' AND tripID = '1'
--------------

Query OK, 1 row affected (0.01 sec)

--------------
SELECT * FROM Travelled
--------------

+----------+-----------+--------+-------------+--------+
| driverID | vehicleID | tripID | passengerID | rating |
+----------+-----------+--------+-------------+--------+
|        2 |         1 |      1 |           1 |    4.5 |
|        2 |         1 |      1 |           3 |    5.0 |
|        2 |         1 |      2 |           1 |    4.0 |
|        4 |         1 |      1 |           3 |    5.0 |
|        4 |         1 |      1 |           5 |    4.0 |
|        4 |         1 |      2 |           3 |    5.0 |
|        4 |         2 |      1 |           1 |    4.0 |
|        4 |         2 |      1 |           3 |    5.0 |
|        4 |         2 |      1 |           5 |    4.5 |
|        4 |         2 |      1 |           6 |    4.0 |
|        4 |         2 |      2 |           3 |    3.5 |
|        4 |         2 |      2 |           5 |    3.0 |
+----------+-----------+--------+-------------+--------+
12 rows in set (0.00 sec)

--------------
SELECT capacity FROM Vehicle
WHERE driverID = '4' AND vehicleID = '2'
--------------

+----------+
| capacity |
+----------+
|        4 |
+----------+
1 row in set (0.00 sec)

--------------
SELECT COUNT(*) FROM Travelled
WHERE driverID = '4' AND vehicleID = '2' AND tripID = '1'
--------------

+----------+
| COUNT(*) |
+----------+
|        4 |
+----------+
1 row in set (0.00 sec)

Bye
