--------------
SELECT * FROM Vehicle LIMIT 10
--------------

+----------+-----------+-------------------------------+----------+
| driverID | vehicleID | model                         | capacity |
+----------+-----------+-------------------------------+----------+
|        1 |         1 | Alfa Romeo 164                |        4 |
|        4 |         1 | Dodge Sprinter 3500 Cargo     |        5 |
|        4 |         2 | Ford F350 Super Duty Crew Cab |        6 |
|        4 |         3 | Ford Mustang                  |        4 |
|        4 |         4 | Eagle Vision                  |        4 |
|        4 |         5 | Suzuki SX4                    |        6 |
|        7 |         1 | Chevrolet Spark               |        5 |
|       12 |         1 | Mercedes-Benz Mercedes-AMG SL |        4 |
|       17 |         1 | Mercedes-Benz Metris Cargo    |        6 |
|       19 |         1 | Toyota Tundra Double Cab      |        4 |
+----------+-----------+-------------------------------+----------+
10 rows in set (0.01 sec)

--------------
SELECT count(*) FROM Vehicle WHERE driverID = 4
--------------

+----------+
| count(*) |
+----------+
|        5 |
+----------+
1 row in set (0.00 sec)

--------------
INSERT INTO Vehicle (driverID, vehicleID, model, capacity)
SELECT 4, 6, 'Audi A7', 3
--------------

Query OK, 1 row affected (0.00 sec)
Records: 1  Duplicates: 0  Warnings: 0

--------------
SELECT count(*) FROM Vehicle WHERE driverID = 4
--------------

+----------+
| count(*) |
+----------+
|        6 |
+----------+
1 row in set (0.00 sec)

--------------
SELECT * FROM Vehicle LIMIT 10
--------------

+----------+-----------+-------------------------------+----------+
| driverID | vehicleID | model                         | capacity |
+----------+-----------+-------------------------------+----------+
|        1 |         1 | Alfa Romeo 164                |        4 |
|        4 |         1 | Dodge Sprinter 3500 Cargo     |        5 |
|        4 |         2 | Ford F350 Super Duty Crew Cab |        6 |
|        4 |         3 | Ford Mustang                  |        4 |
|        4 |         4 | Eagle Vision                  |        4 |
|        4 |         5 | Suzuki SX4                    |        6 |
|        4 |         6 | Audi A7                       |        3 |
|        7 |         1 | Chevrolet Spark               |        5 |
|       12 |         1 | Mercedes-Benz Mercedes-AMG SL |        4 |
|       17 |         1 | Mercedes-Benz Metris Cargo    |        6 |
+----------+-----------+-------------------------------+----------+
10 rows in set (0.00 sec)

Bye
